﻿<parameters>
  <parameter name="IIS Web Application Name" defaultValue="deOROWeb" tags="IisApp">
    <parameterEntry kind="ProviderPath" scope="IisApp" match="^D:\\Rama\\OneDrive\\GBB\\deORO\\deOROWeb\\obj\\Release\\Package\\PackageTmp$" />
    <parameterEntry kind="ProviderPath" scope="setAcl" match="^D:\\Rama\\OneDrive\\GBB\\deORO\\deOROWeb\\obj\\Release\\Package\\PackageTmp$" />
  </parameter>
  <parameter name="Add write permission to App_Data Folder" description="Add write permission to App_Data folder" defaultValue="{IIS Web Application Name}/App_Data" tags="Hidden">
    <parameterEntry kind="ProviderPath" scope="setAcl" match="^D:\\Rama\\OneDrive\\GBB\\deORO\\deOROWeb\\obj\\Release\\Package\\PackageTmp\\App_Data$" />
  </parameter>
  <parameter name="deORO_MasterEntities-Web.config Connection String" defaultValue="metadata=res://*/deOROModel.csdl|res://*/deOROModel.ssdl|res://*/deOROModel.msl;provider=System.Data.SqlClient;provider connection string=&quot;Data Source=.;Initial Catalog=deORO_Master;Integrated Security=True;MultipleActiveResultSets=True;Application Name=EntityFramework&quot;">
    <parameterEntry kind="XmlFile" scope="D:\\Rama\\OneDrive\\GBB\\deORO\\deOROWeb\\obj\\Release\\Package\\PackageTmp\\Web\.config$" match="/configuration/connectionStrings/add[@name='deORO_MasterEntities']/@connectionString" />
  </parameter>
</parameters>